[
    {
        "set_num": "001-1",
        "name": "Gears",
        "year": "1965",
        "theme_id": "1",
        "num_parts": "43",
        "img_url": "https://cdn.rebrickable.com/media/sets/001-1.jpg"
    },
    {
        "set_num": "0011-2",
        "name": "Town Mini-Figures",
        "year": "1979",
        "theme_id": "67",
        "num_parts": "12",
        "img_url": "https://cdn.rebrickable.com/media/sets/0011-2.jpg"
    },
    {
        "set_num": "0011-3",
        "name": "Castle 2 for 1 Bonus Offer",
        "year": "1987",
        "theme_id": "199",
        "num_parts": "0",
        "img_url": "https://cdn.rebrickable.com/media/sets/0011-3.jpg"
    },
    {
        "set_num": "0012-1",
        "name": "Space Mini-Figures",
        "year": "1979",
        "theme_id": "143",
        "num_parts": "12",
        "img_url": "https://cdn.rebrickable.com/media/sets/0012-1.jpg"
    },
    {
        "set_num": "0013-1",
        "name": "Space Mini-Figures",
        "year": "1979",
        "theme_id": "143",
        "num_parts": "12",
        "img_url": "https://cdn.rebrickable.com/media/sets/0013-1.jpg"
    },
    {
        "set_num": "0014-1",
        "name": "Space Mini-Figures",
        "year": "1979",
        "theme_id": "143",
        "num_parts": "2",
        "img_url": "https://cdn.rebrickable.com/media/sets/0014-1.jpg"
    },
    {
        "set_num": "0015-1",
        "name": "Space Mini-Figures",
        "year": "1979",
        "theme_id": "143",
        "num_parts": "18",
        "img_url": "https://cdn.rebrickable.com/media/sets/0015-1.jpg"
    },
    {
        "set_num": "0016-1",
        "name": "Castle Mini Figures",
        "year": "1979",
        "theme_id": "189",
        "num_parts": "15",
        "img_url": "https://cdn.rebrickable.com/media/sets/0016-1.jpg"
    },
    {
        "set_num": "002-1",
        "name": "4.5V Samsonite Gears Motor Set",
        "year": "1965",
        "theme_id": "1",
        "num_parts": "3",
        "img_url": "https://cdn.rebrickable.com/media/sets/002-1.jpg"
    },
    {
        "set_num": "041-1",
        "name": "Pre-School Beginners Set",
        "year": "1964",
        "theme_id": "369",
        "num_parts": "24",
        "img_url": "https://cdn.rebrickable.com/media/sets/041-1.jpg"
    },
    {
        "set_num": "041-2",
        "name": "Playhouse",
        "year": "1979",
        "theme_id": "652",
        "num_parts": "1",
        "img_url": "https://cdn.rebrickable.com/media/sets/041-2.jpg"
    },
    {
        "set_num": "042-1",
        "name": "Jumbo Brick Pull Toy",
        "year": "1966",
        "theme_id": "369",
        "num_parts": "9",
        "img_url": "https://cdn.rebrickable.com/media/sets/042-1.jpg"
    },
    {
        "set_num": "044-1",
        "name": "Basic Building Set",
        "year": "1968",
        "theme_id": "366",
        "num_parts": "225",
        "img_url": "https://cdn.rebrickable.com/media/sets/044-1.jpg"
    },
    {
        "set_num": "044-2",
        "name": "Jumbo Bricks",
        "year": "1969",
        "theme_id": "369",
        "num_parts": "30",
        "img_url": "https://cdn.rebrickable.com/media/sets/044-2.jpg"
    },
    {
        "set_num": "045-1",
        "name": "Farm",
        "year": "1979",
        "theme_id": "632",
        "num_parts": "66",
        "img_url": "https://cdn.rebrickable.com/media/sets/045-1.jpg"
    },
    {
        "set_num": "045-2",
        "name": "Assorted Clear Bricks & Plates",
        "year": "1969",
        "theme_id": "371",
        "num_parts": "37",
        "img_url": "https://cdn.rebrickable.com/media/sets/045-2.jpg"
    },
    {
        "set_num": "065-1",
        "name": "Two Garage Door Kits",
        "year": "1969",
        "theme_id": "371",
        "num_parts": "6",
        "img_url": "https://cdn.rebrickable.com/media/sets/065-1.jpg"
    },
    {
        "set_num": "066-1",
        "name": "Basic Building Set",
        "year": "1968",
        "theme_id": "366",
        "num_parts": "407",
        "img_url": "https://cdn.rebrickable.com/media/sets/066-1.jpg"
    },
    {
        "set_num": "07-1",
        "name": "Battery Box",
        "year": "1980",
        "theme_id": "453",
        "num_parts": "1",
        "img_url": "https://cdn.rebrickable.com/media/sets/07-1.jpg"
    },
    {
        "set_num": "071-1",
        "name": "Block Box",
        "year": "1979",
        "theme_id": "505",
        "num_parts": "24",
        "img_url": "https://cdn.rebrickable.com/media/sets/071-1.jpg"
    },
    {
        "set_num": "074-1",
        "name": "Pre-School Set",
        "year": "1976",
        "theme_id": "505",
        "num_parts": "20",
        "img_url": "https://cdn.rebrickable.com/media/sets/074-1.jpg"
    },
    {
        "set_num": "075-1",
        "name": "Pre-School Set",
        "year": "1975",
        "theme_id": "505",
        "num_parts": "17",
        "img_url": "https://cdn.rebrickable.com/media/sets/075-1.jpg"
    },
    {
        "set_num": "0751359483-1",
        "name": "The Ultimate LEGO Book",
        "year": "1999",
        "theme_id": "497",
        "num_parts": "0",
        "img_url": "https://cdn.rebrickable.com/media/sets/0751359483-1.jpg"
    },
    {
        "set_num": "0756668530-1",
        "name": "Atlantis: Brickmaster",
        "year": "2010",
        "theme_id": "497",
        "num_parts": "157",
        "img_url": "https://cdn.rebrickable.com/media/sets/0756668530-1.jpg"
    },
    {
        "set_num": "0756672805-1",
        "name": "Pirates: Brickmaster",
        "year": "2009",
        "theme_id": "497",
        "num_parts": "162",
        "img_url": "https://cdn.rebrickable.com/media/sets/0756672805-1.jpg"
    },
    {
        "set_num": "0756682762-1",
        "name": "Ninjago: Brickmaster",
        "year": "2011",
        "theme_id": "497",
        "num_parts": "154",
        "img_url": "https://cdn.rebrickable.com/media/sets/0756682762-1.jpg"
    },
    {
        "set_num": "0756692571-1",
        "name": "Harry Potter: Characters of the Magical World",
        "year": "2012",
        "theme_id": "497",
        "num_parts": "4",
        "img_url": "https://cdn.rebrickable.com/media/sets/0756692571-1.jpg"
    },
    {
        "set_num": "077-1",
        "name": "Pre-School Set",
        "year": "1975",
        "theme_id": "505",
        "num_parts": "21",
        "img_url": "https://cdn.rebrickable.com/media/sets/077-1.jpg"
    },
    {
        "set_num": "078-1",
        "name": "Roadway Base Plate",
        "year": "1970",
        "theme_id": "371",
        "num_parts": "1",
        "img_url": "https://cdn.rebrickable.com/media/sets/078-1.jpg"
    },
    {
        "set_num": "1065-1",
        "name": "House Accessories - 182 elements",
        "year": "1985",
        "theme_id": "534",
        "num_parts": "196",
        "img_url": "https://cdn.rebrickable.com/media/sets/1065-1.jpg"
    },
    {
        "set_num": "10654-1",
        "name": "XL Creative Brick Box",
        "year": "2016",
        "theme_id": "621",
        "num_parts": "1600",
        "img_url": "https://cdn.rebrickable.com/media/sets/10654-1.jpg"
    },
    {
        "set_num": "10655-1",
        "name": "Monster Trucks",
        "year": "2013",
        "theme_id": "35",
        "num_parts": "197",
        "img_url": "https://cdn.rebrickable.com/media/sets/10655-1.jpg"
    },
    {
        "set_num": "10656-1",
        "name": "My First LEGO Princess",
        "year": "2013",
        "theme_id": "35",
        "num_parts": "88",
        "img_url": "https://cdn.rebrickable.com/media/sets/10656-1.jpg"
    },
    {
        "set_num": "10657-1",
        "name": "My First LEGO Set",
        "year": "2013",
        "theme_id": "35",
        "num_parts": "148",
        "img_url": "https://cdn.rebrickable.com/media/sets/10657-1.jpg"
    },
    {
        "set_num": "10659-1",
        "name": "Blue Suitcase",
        "year": "2013",
        "theme_id": "35",
        "num_parts": "152",
        "img_url": "https://cdn.rebrickable.com/media/sets/10659-1.jpg"
    },
    {
        "set_num": "10659-2",
        "name": "Vehicle Suitcase",
        "year": "2014",
        "theme_id": "591",
        "num_parts": "152",
        "img_url": "https://cdn.rebrickable.com/media/sets/10659-2.jpg"
    },
    {
        "set_num": "10660-1",
        "name": "Pink Suitcase",
        "year": "2013",
        "theme_id": "591",
        "num_parts": "157",
        "img_url": "https://cdn.rebrickable.com/media/sets/10660-1.jpg"
    },
    {
        "set_num": "1066-1",
        "name": "36 Little People + Accessories",
        "year": "1982",
        "theme_id": "533",
        "num_parts": "174",
        "img_url": "https://cdn.rebrickable.com/media/sets/1066-1.jpg"
    },
    {
        "set_num": "10661-1",
        "name": "My First LEGO Fire Station",
        "year": "2013",
        "theme_id": "35",
        "num_parts": "90",
        "img_url": "https://cdn.rebrickable.com/media/sets/10661-1.jpg"
    },
    {
        "set_num": "10662-1",
        "name": "Creative Bucket",
        "year": "2013",
        "theme_id": "35",
        "num_parts": "607",
        "img_url": "https://cdn.rebrickable.com/media/sets/10662-1.jpg"
    },
    {
        "set_num": "1099-1",
        "name": "Ninja Blaster",
        "year": "1999",
        "theme_id": "434",
        "num_parts": "24",
        "img_url": "https://cdn.rebrickable.com/media/sets/1099-1.jpg"
    },
    {
        "set_num": "10991-1",
        "name": "Dream Playground",
        "year": "2023",
        "theme_id": "504",
        "num_parts": "75",
        "img_url": "https://cdn.rebrickable.com/media/sets/10991-1.jpg"
    },
    {
        "set_num": "10992-1",
        "name": "Life At The Day-Care Center",
        "year": "2023",
        "theme_id": "504",
        "num_parts": "67",
        "img_url": "https://cdn.rebrickable.com/media/sets/10992-1.jpg"
    },
    {
        "set_num": "10993-1",
        "name": "3in1 Tree House",
        "year": "2023",
        "theme_id": "504",
        "num_parts": "126",
        "img_url": "https://cdn.rebrickable.com/media/sets/10993-1.jpg"
    },
    {
        "set_num": "10994-1",
        "name": "3in1 Family House",
        "year": "2023",
        "theme_id": "504",
        "num_parts": "218",
        "img_url": "https://cdn.rebrickable.com/media/sets/10994-1.jpg"
    },
    {
        "set_num": "10995-1",
        "name": "Spider-Man's House",
        "year": "2023",
        "theme_id": "630",
        "num_parts": "25",
        "img_url": "https://cdn.rebrickable.com/media/sets/10995-1.jpg"
    },
    {
        "set_num": "1107-1",
        "name": "Signal and Direction-Change Switch",
        "year": "1977",
        "theme_id": "456",
        "num_parts": "4",
        "img_url": "https://cdn.rebrickable.com/media/sets/1107-1.jpg"
    },
    {
        "set_num": "1108-1",
        "name": "Magnetic Couplings",
        "year": "1977",
        "theme_id": "456",
        "num_parts": "4",
        "img_url": "https://cdn.rebrickable.com/media/sets/1108-1.jpg"
    },
    {
        "set_num": "1109-1",
        "name": "Magnetic Couplings for Railway Car",
        "year": "1977",
        "theme_id": "456",
        "num_parts": "4",
        "img_url": "https://cdn.rebrickable.com/media/sets/1109-1.jpg"
    },
    {
        "set_num": "1-11",
        "name": "Basic Souvenir Box",
        "year": "1981",
        "theme_id": "469",
        "num_parts": "36",
        "img_url": "https://cdn.rebrickable.com/media/sets/1-11.jpg"
    },
    {
        "set_num": "11-1",
        "name": "Police Pack",
        "year": "1980",
        "theme_id": "443",
        "num_parts": "20",
        "img_url": "https://cdn.rebrickable.com/media/sets/11-1.jpg"
    },
    {
        "set_num": "1110-1",
        "name": "Train Wheels",
        "year": "1977",
        "theme_id": "456",
        "num_parts": "8",
        "img_url": "https://cdn.rebrickable.com/media/sets/1110-1.jpg"
    },
    {
        "set_num": "111-1",
        "name": "Universal Building Set",
        "year": "1977",
        "theme_id": "469",
        "num_parts": "174",
        "img_url": "https://cdn.rebrickable.com/media/sets/111-1.jpg"
    },
    {
        "set_num": "1111-1",
        "name": "Rubber Rims for Locomotive Wheels",
        "year": "1977",
        "theme_id": "456",
        "num_parts": "8",
        "img_url": "https://cdn.rebrickable.com/media/sets/1111-1.jpg"
    },
    {
        "set_num": "111-2",
        "name": "Starter Train Set without Motor",
        "year": "1966",
        "theme_id": "235",
        "num_parts": "118",
        "img_url": "https://cdn.rebrickable.com/media/sets/111-2.jpg"
    },
    {
        "set_num": "1112-1",
        "name": "Train Sliding Wheel Blocks",
        "year": "1977",
        "theme_id": "456",
        "num_parts": "2",
        "img_url": "https://cdn.rebrickable.com/media/sets/1112-1.jpg"
    }
]